Mean,Median,STD,Variance,Min,Max,Range,IQR,Kurtosis,Skewness,MAD,RMS,NumPeaks,Energy,ZCR,FFT_Mean,FFT_Std,PSD_Mean,PSD_Std,Class
34.714272,34.723,20.043259,401.732227,0.005,69.433,69.428,34.7075,1.800548,0.000167,17.356164,40.084348,0,11142845.69,0.000072,0.038594,0.635629,31.384206,277.083614,Stand
35.213809,35.206,20.329378,413.283618,0.001,70.412,70.411,35.2075,1.79968,-0.000052,17.606463,40.660019,2,11625563.79,0.000071,0.038642,0.640271,31.40835,277.296701,Stand
31.502505,31.503,18.189516,330.858507,0.004,63,62.996,31.502,1.79999,0.000002,15.751362,36.376015,21,8440785.027,0.000078,0.037809,0.60136,25.129497,221.859677,Stand
33.966201,33.966,19.61402,384.709786,0.001,67.93,67.929,33.969,1.800008,-0.000003,16.984973,39.221881,0,10451590.57,0.000074,0.038475,0.628299,30.154614,266.227335,Stand
34.990547,34.989,17.322402,300.065619,4.994,64.984,59.99,30,1.800124,-0.000049,14.999883,39.042976,1,9143074.915,0.000083,0.039755,0.675786,29.02996,256.297525,Stand
39.0276,39.022,17.90114,320.450811,8.033,70.033,62,31.00575,1.799823,0.000129,15.502368,42.936612,0,11428182.95,0.000081,0.040789,0.735886,35.790671,315.989667,Stand
33.741582,33.737,18.33136,336.038749,2.003,65.491,63.488,31.7515,1.80054,0.000538,15.872435,38.39896,0,9354102.099,0.000079,0.038921,0.640598,28.367137,250.445227,Stand
34.431215,34.437,18.725906,350.659547,2.001,66.854,64.853,32.441,1.79951,-0.000001,16.21697,39.19329,0,9957091.008,0.000077,0.038967,0.646804,29.483903,260.305517,Stand
32.789512,32.796,17.764185,315.566274,2.001,63.552,61.551,30.7485,1.801043,-0.000811,15.381467,37.291648,0,8549820.866,0.000081,0.038859,0.632112,27.305975,241.076061,Stand
31.112216,31.111,17.965862,322.772206,0.005,62.222,62.217,31.11625,1.799996,0.000008,15.557636,35.926171,8,7946776.963,0.000081,0.038576,0.604496,25.242988,222.861065,Stand
34.161836,34.154,17.996978,323.891213,3.003,65.323,62.32,31.175,1.799614,0.000363,15.585134,38.611789,0,9289612.719,0.00008,0.03918,0.651992,28.564512,252.187875,Stand
29.997055,29.998,17.319091,299.950928,0.009,59.987,59.978,29.994,1.799989,-0.000003,14.997544,34.637035,0,7197145.578,0.000083,0.038085,0.590415,22.689399,200.315085,Stand
30.854991,30.855,17.812699,317.292234,0.011,61.7,61.689,30.848,1.799996,-0.000002,15.425025,35.626834,0,7831403.757,0.000081,0.03817,0.598798,24.719726,218.24137,Stand
29.687353,29.6875,17.142452,293.863648,0.001,59.37,59.369,29.692,1.799984,0.000015,14.844626,34.280515,25,7065024.009,0.000083,0.037615,0.583652,22.128531,195.363421,Stand
29.999499,29.997,17.321675,300.040435,0.007,59.995,59.988,30.00275,1.800002,0.000021,14.999783,34.640453,22,7289763.142,0.000082,0.037653,0.586776,23.107349,204.005674,Stand
32.7656,32.755,18.916371,357.829078,0.005,65.525,65.52,32.74375,1.800648,0.000675,16.378908,37.833305,1,9368244.517,0.000076,0.038409,0.617502,27.983814,247.060776,Stand
31.908564,31.908,18.421221,339.34139,0.011,63.831,63.82,31.90475,1.800003,0.000031,15.951987,36.843508,10,8569544.402,0.000079,0.038662,0.612264,26.321515,232.383592,Stand
30.921668,30.92,17.855886,318.832673,0.001,61.839,61.838,30.92325,1.799997,0.000025,15.46243,35.70618,7,7982344.916,0.00008,0.037755,0.595799,24.113213,212.886658,Stand
39.962833,39.9625,17.309536,299.620044,9.989,69.936,59.947,29.9795,1.799956,0.000037,14.989347,43.549944,21,11250616.91,0.000084,0.041816,0.766287,36.946704,326.196221,Stand
35.002762,35,17.321628,300.03881,5.006,64.995,59.989,29.99825,1.800007,-0.000003,14.999717,39.053589,18,9265485.451,0.000082,0.0393,0.671764,29.503557,260.479365,Stand
31.896373,31.896,18.41474,339.102633,0.01,63.784,63.774,31.89325,1.800016,-0.000001,15.946332,36.82971,8,8560414.087,0.000079,0.038657,0.61213,26.31844,232.356526,Stand
34.985816,34.986,17.318385,299.926455,5.002,64.975,59.973,29.994,1.799979,0.000032,14.996956,39.036947,17,9044246.827,0.000084,0.040141,0.679311,29.56723,261.040853,Stand
33.998794,33.998,17.899822,320.403612,3.005,64.995,61.99,31.0045,1.80001,-0.000021,15.50042,38.422266,6,9266550.114,0.00008,0.038716,0.646457,28.996988,256.006696,Stand
33.851906,33.856,19.54759,382.108263,0.004,67.7,67.696,33.85525,1.799983,-0.000018,16.927528,39.089676,15,10236090.56,0.000075,0.038848,0.63064,29.650321,261.774441,Stand
31.709292,31.709,18.306417,335.124915,0.009,63.413,63.404,31.70275,1.800013,0.000019,15.852574,36.613548,6,8605002.79,0.000078,0.037837,0.603413,26.184474,231.174347,Stand
32.212442,32.215,18.596807,345.841239,0.013,64.415,64.402,32.208,1.799998,0.000002,16.104056,37.194467,5,8816588.957,0.000078,0.03869,0.615189,26.32268,232.393896,Stand
30.908021,30.907,17.846865,318.510583,0.005,61.813,61.808,30.9095,1.799964,0.000039,15.454616,35.689834,8,7790342.169,0.000082,0.038551,0.602477,24.200769,213.659049,Stand
30.73502,30.735,17.744826,314.878839,0.01,61.462,61.452,30.73225,1.799998,0.000004,15.36621,35.488991,3,7658827.926,0.000082,0.038539,0.60086,24.205546,213.701188,Stand
28.000185,28.002,16.165302,261.316991,0.008,55.991,55.983,27.9995,1.800001,0.000003,13.998341,32.33081,12,5925699.563,0.000088,0.03744,0.566867,20.244027,178.724676,Stand
31.987957,31.9875,17.321291,300.027129,1.993,61.986,59.993,29.9995,1.799995,0.000019,14.999422,36.375899,4,7854550.77,0.000084,0.039124,0.627501,25.604684,226.054548,Stand
30.897241,30.897,17.838486,318.211595,0.008,61.787,61.779,30.8945,1.799995,0.000009,15.447354,35.676326,15,7962638.207,0.00008,0.037743,0.595503,24.11163,212.87267,Stand
31.537905,31.537,18.20526,331.431487,0.007,63.062,63.055,31.525,1.800157,-0.000386,15.764532,36.414535,1,8357893.622,0.000079,0.038264,0.605621,25.794045,227.726853,Stand
30.21323,30.2125,17.444034,304.294316,0.009,60.437,60.428,30.211,1.80002,0.000043,15.105679,34.886712,12,7275720.391,0.000084,0.038482,0.595661,23.179496,204.642002,Stand
30.999263,31.015,17.89705,320.304399,0.009,62,61.991,31.0005,1.800016,0.000042,15.497947,35.793945,38,7857639.523,0.000082,0.038569,0.603458,24.207513,213.718664,Stand
35.001796,35.005,17.322732,300.07706,5.008,64.998,59.99,30.001,1.79999,0.000003,15.000699,39.053212,21,9265306.851,0.000082,0.039301,0.671752,29.502919,260.473714,Stand
30.674118,30.6725,17.712933,313.747985,0.004,61.347,61.343,30.677,1.799997,0.000003,15.338595,35.420303,5,7615408.885,0.000082,0.038526,0.600177,24.199272,213.645779,Stand
38.000194,38.002,17.319711,299.972375,8.008,67.991,59.983,29.989,1.800002,0.000003,14.998069,41.76048,16,10592677.76,0.000082,0.040284,0.723346,33.819381,298.584801,Stand
31.997437,31.997,17.322299,300.062045,2.001,61.992,59.991,30.00125,1.800008,0.000001,15.000291,36.38473,20,8042380.231,0.000082,0.038312,0.62052,25.542795,225.508785,Stand
32.28655,32.289,17.830493,317.926467,1.409,63.159,61.75,30.885,1.80003,-0.00031,15.440131,36.882195,2,8399829.782,0.000081,0.038638,0.622634,26.476608,233.753249,Stand
31.126484,31.126,17.970431,322.9364,0.007,62.245,62.238,31.12375,1.799996,-0.000002,15.561625,35.940829,11,8141857.227,0.000079,0.037768,0.597733,25.12706,221.838132,Stand
34.996569,34.998,17.32399,300.120627,5.002,64.996,59.994,30.00375,1.800012,0.000023,15.001754,39.049071,10,9052915.214,0.000084,0.040141,0.679407,29.567993,261.04753,Stand
25.003272,25.003,14.434608,208.357895,0.01,49.997,49.987,24.999,1.800001,0.000006,12.499508,28.870059,19,4219910.918,0.000099,0.037076,0.535519,15.876635,140.163902,Stand
30.844353,30.844,17.809777,317.188163,0.004,61.684,61.68,30.84325,1.799991,0.000003,15.422494,35.616169,18,7924391.268,0.00008,0.037736,0.594966,24.099573,212.766226,Stand
30.75926,30.762,17.761476,315.470025,0.002,61.515,61.513,30.761,1.799999,-0.000001,15.380658,35.518326,10,7859465.753,0.00008,0.037722,0.594087,24.098271,212.754755,Stand
30.492588,30.492,17.604926,309.933404,0.008,60.978,60.97,30.49025,1.800006,0,15.245071,35.209106,20,7655031.075,0.000081,0.037702,0.591581,24.104328,212.808216,Stand
31.500758,31.501,18.189452,330.856163,0.005,62.997,62.992,31.50125,1.799981,0.000017,15.751271,36.374453,14,8246887.66,0.00008,0.038619,0.608311,25.249725,222.920542,Stand
40.858136,40.86,17.815729,317.4002,10.005,71.705,61.7,30.85,1.800102,-0.000326,15.427263,44.572818,3,12258161.49,0.000081,0.041417,0.768667,38.906121,343.496851,Stand
30.886256,30.886,17.833056,318.017882,0.005,61.767,61.762,30.8845,1.799928,0.000018,15.442828,35.66408,43,7772743.615,0.000082,0.038556,0.602342,24.205517,213.701038,Stand
30.545169,30.545,17.638285,311.109103,0.002,61.089,61.087,30.547,1.799994,0.000034,15.274003,35.271322,7,7695793.419,0.000081,0.037705,0.592042,24.103527,212.801152,Stand
32.885812,32.891,18.127909,328.621069,1.491,64.271,62.78,31.395,1.800033,-0.000508,15.697746,37.55057,3,8850854.58,0.00008,0.038716,0.628882,27.676755,244.34966,Stand
29.972167,29.972,17.306291,299.507719,0.004,59.94,59.936,29.972,1.800001,-0.000003,14.986452,34.609091,18,7270580.169,0.000082,0.037643,0.586436,23.103556,203.972233,Stand
-0.02838,-0.028845,0.012564,0.000158,-0.085656,0.046291,0.131947,0.012218,6.633992,0.638091,0.008695,0.031037,1029,5.931891,0.008363,0.000081,0.00053,0.000019,0.000147,Stand
32.15811,32.158,18.566136,344.701388,0.008,64.308,64.3,32.155,1.800001,0,16.077494,37.132086,0,8867010.338,0.000078,0.038307,0.611387,26.831002,236.882337,Stand
31.645102,31.645,17.402786,302.856945,1.51,61.78,60.27,30.14,1.8,0,15.070003,36.113974,0,7861833.061,0.000083,0.038594,0.61725,25.531315,225.407078,Stand
30.608786,30.608,17.675527,312.42425,0,61.216,61.216,30.613,1.799995,0.000011,15.30623,35.345037,18,7745484.092,0.000081,0.037706,0.592609,24.095174,212.727415,Stand
35.346462,35.3465,20.408611,416.51142,0.004,70.687,70.683,35.347,1.799966,0.000019,17.673153,40.81451,22,11650774.74,0.000071,0.038984,0.644433,31.991721,282.447362,Stand
29.98913,29.9885,17.327715,300.24969,0.011,59.995,59.984,30.015,1.79997,0.000028,15.005087,34.634478,21,7122910.292,0.000084,0.038445,0.593287,23.153917,204.416178,Stand
31.320579,31.32,18.082986,326.994383,0.009,62.634,62.625,31.317,1.8,0.000019,15.659025,36.16518,7,8105181.88,0.000081,0.038599,0.606568,25.250963,222.93137,Stand
19.992164,19.992,11.550913,133.423582,0,39.991,39.991,20.005,1.800001,0.000008,10.002121,23.08845,9,2109916.797,0.000126,0.03714,0.48403,9.7942,86.459839,Stand
31.988363,31.989,17.320789,300.009739,1.995,61.984,59.989,29.99825,1.800003,-0.000001,14.998972,36.376016,6,7853278.307,0.000084,0.039135,0.627611,25.613094,226.128818,Stand
31.078914,31.079,17.944978,322.022219,0.005,62.153,62.148,31.0805,1.799996,0.000006,15.539534,35.886888,13,7919104.774,0.000081,0.038578,0.604232,25.253448,222.953396,Stand
30.795391,30.795,17.782066,316.201867,0.003,61.586,61.583,30.798,1.799991,0.00001,15.398471,35.559894,7,7704635.447,0.000082,0.038549,0.60146,24.206624,213.710686,Stand
33.126965,33.127,17.394119,302.55538,3.007,63.247,60.24,30.125,1.799995,0.000002,15.062511,37.415251,0,8434403.426,0.000083,0.039095,0.642673,27.452259,242.367573,Stand
31.497071,31.504,18.186444,330.746757,0.004,62.984,62.98,31.495,1.799857,-0.00033,15.749444,36.369764,0,8329418.041,0.000079,0.038252,0.605147,25.779555,227.598886,Stand
30.734324,30.7345,17.746538,314.939622,0.004,61.465,61.461,30.735,1.799999,0.000001,15.3677,35.489245,2,7660196.869,0.000082,0.03853,0.600758,24.197828,213.633049,Stand
36.166981,36.171,18.57608,345.07074,4.001,68.331,64.33,32.17425,1.799782,-0.000155,16.086532,40.657934,2,10634183.91,0.000078,0.039556,0.677353,32.23069,284.557606,Stand
30.956648,30.9565,17.87534,319.527773,0.002,61.911,61.909,30.957,1.799968,0.000032,15.479222,35.746184,16,7827739.534,0.000082,0.038554,0.602936,24.198053,213.635016,Stand
30.755224,30.7555,17.759047,315.383752,0.005,61.508,61.503,30.756,1.799994,0.000011,15.378536,35.513599,6,7675758.82,0.000082,0.038534,0.600971,24.199195,213.645109,Stand
31.164014,31.164,17.991672,323.700272,0.009,62.319,62.31,31.1605,1.8,0,15.579993,35.983942,0,8069468.535,0.00008,0.038202,0.601792,24.718538,218.23086,Stand
31.03026,31.03,17.917263,321.028322,0.004,62.056,62.052,31.0305,1.799996,0.000005,15.515541,35.830895,3,7882857.779,0.000081,0.038564,0.60368,24.202174,213.671471,Stand
33.357236,33.365,17.529272,307.275362,3.005,63.705,60.7,30.365,1.799606,-0.000345,15.180304,37.681957,0,8617554.562,0.000082,0.039124,0.64486,27.471206,242.534851,Stand
34.40203,34.402,16.97843,288.267098,5.002,63.802,58.8,29.40425,1.8,-0.000001,14.7025,38.362974,0,8655172.263,0.000085,0.03972,0.670812,27.913596,246.440827,Stand
38.140633,38.14,22.020748,484.913362,0.006,76.276,76.27,38.137,1.799978,0.000032,19.069297,44.040402,8,14635897.12,0.000066,0.039232,0.66953,36.937872,326.118057,Stand
30.677471,30.674,17.710891,313.675666,0.007,61.347,61.34,30.675,1.799981,-0.000004,15.336883,35.422185,21,7614963.547,0.000082,0.038536,0.600322,24.209966,213.740264,Stand
32.091032,32.0915,18.528614,343.309533,0.006,64.176,64.17,32.089,1.8,0,16.045001,37.055234,0,8812493.944,0.000078,0.038295,0.610686,26.828366,236.859061,Stand
-0.103812,-0.1035,0.027112,0.000735,-0.21501,0.027967,0.242977,0.035021,3.678208,0.084461,0.021234,0.107294,1165,71.903427,0.001041,0.000236,0.001874,0.000229,0.001888,Stand
30.735486,30.735,17.745269,314.894562,0.006,61.463,61.457,30.73375,1.800014,-0.000016,15.366528,35.489617,25,7659097.912,0.000082,0.03854,0.60087,24.206385,213.708607,Stand
31.244517,31.2435,18.040412,325.456455,0.006,62.483,62.477,31.244,1.79997,0.000028,15.622228,36.078022,6,8046637.346,0.000081,0.038587,0.605784,25.251395,222.935282,Stand
39.997713,39.997,17.323955,300.119414,9.999,69.996,59.997,30.003,1.799994,0.000005,15.001735,43.587681,3,11279622.87,0.000084,0.041826,0.766696,36.96182,326.329508,Stand
31.225267,31.2245,18.029037,325.046166,0.004,62.444,62.44,31.224,1.799988,-0.000009,15.612411,36.055664,7,8031467.198,0.000081,0.038587,0.605605,25.252826,222.947832,Stand
31.966948,31.973,17.325339,300.167374,1.966,61.969,60.003,30.00925,1.799957,0.000026,15.00303,36.359353,7,7848729.169,0.000084,0.039123,0.627159,25.572577,225.771082,Stand
31.016314,31.0165,17.911139,320.80891,0,62.032,62.032,31.021,1.799994,0.000028,15.51026,35.815756,13,7873632.224,0.000081,0.038562,0.603516,24.197337,213.628714,Stand
32.81141,32.811,18.947611,359.01197,0.007,65.621,65.614,32.81475,1.799999,0.000006,16.407839,37.888591,7,9320995.847,0.000077,0.038749,0.620851,27.404271,241.943551,Stand
33.866683,33.867,19.554388,382.374071,0.005,67.726,67.721,33.867,1.799999,0.000004,16.933337,39.105872,7,10247632.96,0.000075,0.038852,0.630814,29.657229,261.835487,Stand
32.08447,32.084,18.541619,343.791632,0.008,64.192,64.184,32.112,1.799998,0.000041,16.056259,37.056049,9,8724999.845,0.000079,0.038661,0.613696,26.282637,232.040267,Stand
31.241596,31.24,18.037321,325.344953,0.009,62.476,62.467,31.21775,1.799998,0.000007,15.619474,36.073947,13,8043518.431,0.000081,0.038593,0.605818,25.253917,222.957508,Stand
31.054924,31.055,17.932624,321.579012,0.002,62.108,62.106,31.0565,1.799988,-0.00001,15.528854,35.859935,9,7902070.358,0.000081,0.038573,0.603969,25.248366,222.908412,Stand
31.129933,31.13,17.974815,323.09396,0.043,62.257,62.214,31.1465,1.799987,0.000001,15.5654,35.945991,12,7959423.692,0.000081,0.038567,0.604639,25.246285,222.890123,Stand
31.226746,31.2255,18.02836,325.021778,0.01,62.444,62.434,31.225,1.799932,0.000047,15.611856,36.056606,28,8031886.99,0.000081,0.038585,0.605626,25.254186,222.95989,Stand
0.03863,0.037145,0.018708,0.00035,-0.033751,0.11404,0.147791,0.024132,3.317118,0.38542,0.014782,0.04292,1585,11.038235,0.012433,0.000141,0.000732,0.000037,0.000289,Sit
33.510507,33.5245,18.203598,331.370995,2,65.018,63.018,31.551,1.799075,-0.000284,15.765652,38.134924,5,9156099.227,0.000079,0.038911,0.638615,28.387575,250.62565,Sit
31.480813,31.481,18.178077,330.4425,0.002,62.958,62.956,31.48325,1.799995,-0.000004,15.741437,36.351509,22,8424130.493,0.000078,0.037807,0.601139,25.127094,221.838478,Sit
31.892445,31.894,18.412986,339.038042,0.004,63.775,63.771,31.885,1.800157,-0.000315,15.944463,36.825439,0,8647932.131,0.000078,0.038286,0.608891,25.77072,227.520817,Sit
35.013679,35.015,17.330192,300.335539,5.005,65.016,60.011,30.014,1.799645,-0.00038,15.008059,39.067163,0,9155932.885,0.000083,0.039772,0.676218,29.058104,256.545823,Sit
35.01729,35.009,17.335391,300.515792,5.009,65.03,60.021,30.034,1.799181,0.000358,15.013286,39.072705,0,9158530.982,0.000083,0.039779,0.676302,29.065919,256.614885,Sit
31.183569,31.19,18.013525,324.48709,0.001,62.37,62.369,31.204,1.799409,-0.000009,15.599711,36.011804,1,8083266.053,0.00008,0.038236,0.60222,24.748708,218.497321,Sit
30.668488,30.671,17.126524,293.317834,1.004,60.325,59.321,29.658,1.80026,-0.000111,14.830365,35.125839,0,7314111.828,0.000084,0.038411,0.604419,23.917423,211.157704,Sit
32.753858,32.761,17.74892,315.024162,2.009,63.489,61.48,30.73575,1.800303,-0.000262,15.369869,37.253029,1,8527958.108,0.000081,0.038839,0.631649,27.274692,240.799805,Sit
30.950769,30.95,17.869742,319.327665,0.034,61.896,61.862,30.95,1.799981,0.000026,15.474411,35.738294,10,7821729.881,0.000082,0.038551,0.602909,24.203305,213.681413,Sit
40.863144,40.8585,17.822805,317.65239,10.002,71.722,61.72,30.87,1.799713,0.000018,15.434856,44.580236,1,12266216.91,0.000081,0.041415,0.768655,38.898937,343.433026,Sit
0.094092,0.094778,0.032171,0.001035,-0.056095,0.22431,0.280405,0.041483,3.283058,-0.109409,0.025311,0.099439,1293,61.702319,0.002965,0.000256,0.001714,0.000194,0.001584,Sit
35.264725,35.274,17.759371,315.395265,4.508,66.007,61.499,30.7485,1.800044,-0.000897,15.378118,39.483475,0,9584392.715,0.000081,0.039643,0.673999,30.643959,270.547826,Sit
30.494851,30.4935,17.034193,290.163735,1.001,59.997,58.996,29.497,1.799997,0.000027,14.750794,34.92923,22,7288585.347,0.000084,0.037929,0.598708,23.296622,205.676805,Sit
27.000812,26.998,15.588348,242.996596,0.007,53.993,53.986,27.003,1.799994,0.000001,13.498689,31.17685,11,5313902.049,0.000091,0.037323,0.556606,18.433432,162.738422,Sit
0.051667,0.051784,0.028367,0.000805,-0.078043,0.14999,0.228033,0.03519,3.678941,-0.18812,0.021869,0.058941,1499,21.733612,0.021819,0.000213,0.000968,0.000069,0.000506,Sit
31.533822,31.5345,18.208288,331.541769,0.005,63.062,63.057,31.5355,1.799997,-0.000001,15.767611,36.412506,6,8273432.324,0.00008,0.038614,0.608559,25.24579,222.885871,Sit
32.0014,32.002,17.323115,300.090307,2.005,62,59.995,30,1.800021,-0.000003,15.00094,36.388604,6,8042768.51,0.000082,0.038315,0.620591,25.55629,225.627921,Sit
30.857598,30.858,17.819935,317.550094,0,61.714,61.714,30.864,1.799992,0.000018,15.431266,35.632702,20,7753993.353,0.000082,0.038549,0.601995,24.194415,213.60294,Sit
32.959746,32.9585,19.029398,362.117998,0.008,65.91,65.902,32.957,1.800006,0.000026,16.4787,38.057963,17,9666678.85,0.000075,0.037945,0.615106,28.316866,250.001762,Sit
35.000146,35.001,17.323777,300.113252,5.001,64.997,59.996,30.00425,1.799999,0.000003,15.001577,39.052182,5,9054357.953,0.000084,0.040142,0.679468,29.572789,261.089921,Sit
32.874293,32.874,18.981842,360.310332,0.003,65.742,65.739,32.876,1.799995,0.000007,16.4375,37.960164,4,9373536.28,0.000077,0.038755,0.621459,27.406617,241.964234,Sit
31.040394,31.042,17.919467,321.107308,0.011,62.068,62.057,31.0385,1.800008,-0.000003,15.517462,35.84079,7,8072189.179,0.00008,0.03776,0.596924,25.138735,221.941199,Sit
31.719657,31.719,18.316232,335.484352,0.002,63.436,63.434,31.7195,1.799984,0.000015,15.861076,36.627415,5,8421019.358,0.00008,0.038639,0.610396,26.312772,232.306422,Sit
32.540357,32.5395,18.788374,353.002999,0.007,65.075,65.068,32.5385,1.799977,-0.000004,16.270021,37.57425,10,9301098.165,0.000076,0.037911,0.611222,27.242841,240.518979,Sit
32.909768,32.91,18.999462,360.979564,0.016,65.809,65.793,32.90575,1.799995,0.000004,16.452757,37.999697,2,9401733.905,0.000077,0.038759,0.621831,27.413301,242.023321,Sit
30.677721,30.677,17.709891,313.64024,0.011,61.345,61.334,30.6715,1.79999,0.000012,15.335962,35.421902,3,7614841.968,0.000082,0.038534,0.600321,24.209632,213.737238,Sit
30.459654,30.459,17.584337,309.208902,0.014,60.908,60.894,30.457,1.799996,0.000001,15.227223,35.170273,1,7453849.137,0.000083,0.038505,0.598122,24.208673,213.728808,Sit
30.869732,30.869,17.827467,317.818587,0.005,61.74,61.735,30.8755,1.8,0.000007,15.437793,35.646993,13,7944467.238,0.00008,0.037738,0.595185,24.102518,212.792243,Sit
31.679728,31.679,18.290079,334.526987,0.01,63.352,63.342,31.6775,1.799998,0.000001,15.83841,36.579759,3,8387077.804,0.00008,0.038631,0.610001,25.251296,222.934398,Sit
30.849836,30.8495,17.81001,317.196452,0.009,61.69,61.681,30.854,1.799999,-0.000002,15.422685,35.621034,18,7925287.456,0.00008,0.037739,0.595058,24.114033,212.89393,Sit
0.034449,0.03383,0.017665,0.000312,-0.047012,0.10731,0.154322,0.022698,3.482904,0.166597,0.013867,0.038713,1546,9.226074,0.028021,0.000155,0.000642,0.00003,0.000222,Sit
30.239404,30.239,17.461462,304.902654,0.002,60.475,60.473,30.2415,1.8,0.000006,15.120805,34.918093,7,7296131.005,0.000084,0.038479,0.59589,23.174682,204.599422,Sit
30.840741,30.841,17.806217,317.06136,0.006,61.674,61.668,30.84,1.799998,0.000005,15.419376,35.611244,6,7738316.774,0.000082,0.038545,0.601844,24.205114,213.697433,Sit
30.938085,30.9375,17.861758,319.042407,0.008,61.867,61.859,30.935,1.799995,0.000002,15.4675,35.723334,16,7993844.717,0.00008,0.037748,0.595909,24.113526,212.889405,Sit
32.660678,32.682,18.85991,355.696209,0.004,65.318,65.314,32.664,1.800021,0.00001,16.331835,37.714203,27,9192719.669,0.000077,0.038734,0.619424,27.405373,241.95316,Sit
54.996757,55.004,17.322595,300.072292,24.999,84.992,59.993,30.00175,1.8,-0.000004,15.000576,57.659918,26,20197346.83,0.000082,0.045883,1.021381,64.982925,573.735593,Sit
33.998136,33.997,17.325179,300.161827,4.005,64,59.995,30.006,1.799997,-0.000003,15.002809,38.15738,22,8846568.814,0.000082,0.038963,0.654482,28.133335,248.381398,Sit
0.053102,0.05261,0.020413,0.000417,-0.029178,0.11984,0.149018,0.027514,2.944834,-0.008285,0.016293,0.056889,1675,19.839129,0.005302,0.000149,0.000983,0.000065,0.000522,Sit
32.622486,32.622,18.834076,354.722403,0.008,65.237,65.229,32.619,1.799994,0.000004,16.309575,37.668226,12,9373222.183,0.000076,0.03791,0.611924,27.230361,240.40874,Sit
30.684073,30.685,17.71502,313.821941,0.008,61.359,61.351,30.6805,1.799998,0.000004,15.340386,35.429967,2,7620820.624,0.000082,0.038533,0.600354,24.204655,213.693317,Sit
30.960873,30.9605,17.875516,319.534081,0.006,61.914,61.908,30.959,1.799996,0.000008,15.479429,35.749948,21,8013428.603,0.00008,0.037744,0.596066,24.103232,212.798491,Sit
31.10695,31.106,17.96091,322.594289,0.005,62.208,62.203,31.107,1.799999,0,15.553367,35.919151,9,8128168.158,0.000079,0.037758,0.597461,25.120587,221.781122,Sit
30.952427,30.952,17.87266,319.431958,0.004,61.901,61.897,30.95525,1.799992,0.000001,15.47696,35.741205,16,8008232.071,0.00008,0.037747,0.596008,24.098985,212.761085,Sit
32.956276,32.956,19.027548,362.047582,0.007,65.905,65.898,32.954,1.799995,-0.000001,16.477125,38.054034,12,9664682.683,0.000075,0.037941,0.615042,28.311008,249.950103,Sit
31.441469,31.443,18.15422,329.575717,0.005,62.878,62.873,31.44075,1.800002,-0.000001,15.720746,36.305491,8,8199829.838,0.00008,0.038613,0.607744,25.25121,222.933648,Sit
52.097145,52.099,18.820173,354.1989,19.507,84.687,65.18,32.595,1.800003,0.000004,16.297482,55.39185,1,20001967.59,0.000077,0.044332,0.940836,59.143988,522.181733,Sit
31.166794,31.1865,17.994154,323.789588,0.007,62.326,62.319,31.163,1.799965,0.000009,15.582149,35.987583,37,7985624.496,0.000081,0.038581,0.605051,25.255654,222.972627,Sit
30.242458,30.242,17.459213,304.824114,0.009,60.475,60.466,30.24625,1.8,0.000005,15.118888,34.91963,4,7466267.312,0.000082,0.037681,0.5892,23.114784,204.071309,Sit
31.503029,31.503,18.19087,330.907739,0.003,63.003,63,31.505,1.8,0,15.752503,36.377137,0,8338088.547,0.000079,0.03824,0.605074,25.757063,227.400265,Sit
30.438075,30.4375,17.574643,308.86808,0.005,60.871,60.866,30.438,1.799985,0.000026,15.218873,35.146755,7,7614354.547,0.000081,0.037692,0.591006,24.104781,212.812226,Sit
-0.029202,-0.029456,0.007719,0.00006,-0.092986,0.037128,0.130114,0.006108,14.518344,0.398097,0.004809,0.030205,1116,5.693023,0.003926,0.000064,0.000528,0.000018,0.000149,Sit
32.134099,32.134,17.691453,312.987497,1.499,62.769,61.27,30.639,1.800001,0.000001,15.319994,36.681558,1,8245448.974,0.000082,0.038634,0.621759,25.517515,225.285234,Sit
31.534108,31.534,18.205297,331.432856,0.009,63.059,63.05,31.53,1.8,-0.000001,15.764996,36.411266,0,8360370.35,0.000079,0.03824,0.605367,25.764627,227.467051,Sit
28.470578,28.47,16.441256,270.314915,0,56.939,56.939,28.47275,1.799989,0.000013,14.237302,32.876159,15,6233214.954,0.000087,0.037483,0.57151,21.162363,186.832951,Sit
26.50038,26.5,15.299623,234.078456,0.009,52.992,52.983,26.495,1.799999,0.000005,13.248596,30.599084,1,4909041.592,0.000095,0.038061,0.557796,17.501027,154.505325,Sit
44.986477,44.985,17.32221,300.058956,14.991,74.983,59.992,30.0005,1.799998,0.000002,15.000206,48.205721,6,13794026.33,0.000084,0.043504,0.854702,45.336066,400.267831,Sit
33.001116,33.001,17.324026,300.121872,3.002,63.001,59.999,30.00325,1.800006,0.000033,15.001805,37.271236,17,8247353.89,0.000084,0.03947,0.644927,26.894925,237.446402,Sit
32.771123,32.7705,18.922179,358.048874,0.004,65.537,65.533,32.771,1.799999,0.000003,16.385826,37.840985,12,9284699.87,0.000077,0.038743,0.62046,27.411513,242.007464,Sit
31.453118,31.452,18.158344,329.725464,0.009,62.895,62.886,31.449,1.799994,0.000004,15.724331,36.317642,7,8206638.314,0.00008,0.038613,0.60786,25.260126,223.012332,Sit
31.05968,31.059,17.936253,321.709188,0,62.12,62.12,31.065,1.799991,0.000015,15.531997,35.865869,15,7905972.077,0.000081,0.03857,0.603968,25.248439,222.909228,Sit
31.049612,31.049,17.928103,321.416866,0.004,62.1,62.096,31.04875,1.800002,0.000003,15.52493,35.853075,7,7896476.125,0.000081,0.038577,0.603957,24.208497,213.727224,Sit
33.217937,33.218,17.448959,304.466155,3.003,63.433,60.43,30.2205,1.799999,0.000001,15.109986,37.521289,2,8509028.104,0.000083,0.039094,0.643405,27.446968,242.320846,Sit
31.271016,31.271,18.055189,325.989834,0.006,62.536,62.53,31.27,1.8,0,15.635003,36.108367,0,8154053.884,0.00008,0.038212,0.602807,24.714886,218.198621,Sit
31.011073,31.012,17.907006,320.660876,0.005,62.022,62.017,31.01275,1.800005,0.000003,15.50665,35.80915,5,7869445.909,0.000081,0.038565,0.603506,24.196395,213.62039,Sit
111.470567,111.47,21.03167,442.331154,75.045,147.88,72.835,36.42025,1.80015,-0.000569,18.212035,113.437021,1,93717336.24,0.000069,0.059319,1.862774,252.251504,2227.175873,Sit
30.519946,30.5205,17.642053,311.24205,0.005,61.069,61.064,30.556,1.799967,0.000028,15.277253,35.25135,9,7513108.269,0.000083,0.038495,0.598427,24.159057,213.290747,Sit
44.982651,44.983,17.321673,300.040345,14.989,74.977,59.988,30,1.8,0,14.999746,48.201958,0,13791872.85,0.000084,0.043501,0.854632,45.328946,400.204974,Sit
43.057015,43.057,24.862156,618.126806,0.002,86.112,86.11,43.06,1.799999,0,21.530011,49.718825,0,21288533.3,0.000058,0.039232,0.707649,48.286633,426.319442,Sit
32.190793,32.1945,18.588324,345.52578,0.002,64.38,64.378,32.194,1.8,0.000005,16.096689,37.171477,3,8801548.104,0.000078,0.038682,0.61489,26.314687,232.32333,Sit
33.273176,33.272,17.479594,305.536218,3.007,63.547,60.54,30.27,1.800238,0.000269,15.136146,37.584438,0,8551819.837,0.000083,0.039104,0.643952,27.454735,242.389345,Sit
29.738024,29.738,17.168951,294.772873,0.008,59.468,59.46,29.735,1.799999,0.000001,14.867499,34.337638,0,7011949.396,0.000084,0.038058,0.587859,22.690472,200.324572,Sit
59.988432,59.988,17.322801,300.07942,29.992,89.985,59.993,30,1.799984,0.00001,15.000729,62.439097,8,23142331.99,0.000084,0.048557,1.122789,76.444372,674.930978,Sit
32.969037,32.9685,17.323173,300.092321,2.972,62.967,59.995,30.0025,1.799999,0.000004,15.001109,37.242437,12,8233226.882,0.000084,0.039457,0.644371,26.861161,237.148098,Sit
29.379031,29.379,16.963997,287.777197,0.004,58.754,58.75,29.38,1.799999,-0.000001,14.690004,33.924264,0,6762428.166,0.000085,0.038012,0.58421,21.704998,191.623577,Sit
29.267335,29.267,16.8981,285.545771,0.007,58.537,58.53,29.265,1.800123,0.000098,14.632797,33.794584,1,6684558.453,0.000085,0.038011,0.58317,21.708492,191.6546,Sit
31.12267,31.123,17.971989,322.992407,0.003,62.243,62.24,31.125,1.80015,0.000011,15.562282,35.938296,0,8037384.709,0.00008,0.038213,0.601495,24.727056,218.305992,Sit
-0.064075,-0.063517,0.015635,0.000244,-0.19966,-0.004501,0.195159,0.018744,4.794574,-0.29184,0.011891,0.065955,1454,27.953241,0.000078,0.000155,0.001137,0.000086,0.000721,Sit
30.666713,30.666,17.704624,313.453728,0.01,61.325,61.315,30.6615,1.800007,-0.000001,15.331363,35.409736,8,7607104.133,0.000082,0.038534,0.60021,24.208874,213.730599,Sit
31.11832,31.117,17.967577,322.833807,0.004,62.23,62.226,31.118,1.799994,0,15.559127,35.932315,3,7949495.051,0.000081,0.03858,0.604606,25.251671,222.937702,Sit
33.995321,33.9955,17.321441,300.032301,4,63.989,59.989,30,1.800002,-0.000005,14.999541,38.15316,1,8640819.205,0.000084,0.0398,0.662067,28.213984,249.092698,Sit
30.795006,30.7945,17.777454,316.03787,0.01,61.58,61.57,30.7895,1.799996,0.000005,15.39447,35.557255,5,7702227.453,0.000082,0.038542,0.601432,24.211162,213.750846,Sit
30.981693,30.982,17.890915,320.084857,0,61.962,61.962,30.982,1.799993,0.000007,15.492726,35.775661,4,7847054.347,0.000082,0.038564,0.603233,24.198392,213.638056,Sit
31.343438,31.345,18.046166,325.664108,0.093,62.592,62.499,31.2565,1.800027,0.000003,15.627192,36.166594,12,8088811.359,0.000081,0.038618,0.607362,25.360972,223.902696,Sit
32.473102,32.4725,18.752315,351.649302,0,64.947,64.947,32.478,1.800002,0.000025,16.238723,37.497959,15,9035578.728,0.000078,0.038712,0.617587,27.404766,241.947911,Sit
32.574458,32.5745,18.804846,353.622221,0.01,65.161,65.151,32.57,1.800016,0.000031,16.284212,37.612002,18,9116086.213,0.000078,0.038728,0.618624,27.418066,242.065358,Sit
31.580327,31.58,18.234546,332.498656,0.004,63.157,63.153,31.581,1.800004,-0.000001,15.790278,36.465909,6,8309686.034,0.00008,0.038625,0.609064,25.247061,222.897035,Sit
32.710094,32.707,18.889209,356.802201,0.001,65.419,65.418,32.715,1.79995,-0.000014,16.357354,37.771647,32,9235011.977,0.000077,0.038739,0.619887,27.403946,241.940807,Sit
0.15604,0.15455,0.023007,0.000529,0.071378,0.28564,0.214262,0.02873,4.642409,0.632703,0.017632,0.157727,1555,164.193078,0.000076,0.000225,0.002722,0.000491,0.004262,Lay
0.171076,0.17057,0.030131,0.000908,0.059691,0.31758,0.257889,0.0293,5.270073,0.46509,0.021375,0.173708,1328,189.828493,0.000079,0.000276,0.003062,0.000599,0.005125,Lay
31.226665,31.226,18.0328,325.181882,0.006,62.453,62.447,31.2325,1.800001,0.000002,15.615604,36.058772,27,8222686.419,0.000079,0.037775,0.598638,25.124381,221.814495,Lay
0.155052,0.15953,0.047824,0.002287,-0.093191,0.44881,0.542001,0.028307,10.82787,0.4454,0.027789,0.162258,1292,160.573107,0.013199,0.000452,0.002838,0.000522,0.004211,Lay
20.507407,20.507,10.107959,102.170831,3.007,38.007,35,17.50575,1.800004,0.000004,8.752487,22.862532,2,1829956.52,0.000143,0.038081,0.517734,9.995669,88.239,Lay
0.133878,0.13405,0.06767,0.004579,-0.26494,0.47125,0.73619,0.052738,6.581245,-0.565431,0.044734,0.150006,988,134.987475,0.028921,0.000471,0.002553,0.000449,0.003152,Lay
0.156687,0.15671,0.026952,0.000726,0.035919,0.29868,0.262761,0.031255,5.000488,0.187993,0.020124,0.158988,1556,164.124229,0.000077,0.000248,0.002759,0.000498,0.0043,Lay
0.16469,0.166755,0.033839,0.001145,-0.015493,0.3521,0.367593,0.03817,4.763467,-0.226096,0.025191,0.16813,1482,199.343064,0.000355,0.000266,0.00279,0.000556,0.004756,Lay
0.149571,0.15064,0.034271,0.001175,-0.11954,0.37424,0.49378,0.040148,5.899679,-0.30489,0.025885,0.153447,1375,166.351799,0.000637,0.000302,0.002532,0.000466,0.003927,Lay
0.152596,0.15398,0.025797,0.000665,0.004208,0.29397,0.289762,0.02685,6.281233,-0.224521,0.018437,0.154761,1373,146.698736,0.000082,0.000278,0.002763,0.000474,0.004078,Lay
31.279949,31.278,18.062794,326.264537,0.003,62.558,62.555,31.284,1.800036,-0.000008,15.641502,36.119898,58,8075765.085,0.000081,0.038589,0.606089,25.244558,222.87495,Lay
0.167774,0.167595,0.029448,0.000867,-0.055099,0.46107,0.516169,0.033345,9.005768,0.176091,0.021308,0.170339,1311,180.24296,0.000724,0.000315,0.003017,0.000576,0.004938,Lay
0.153011,0.15456,0.039262,0.001542,-0.13319,0.455,0.58819,0.045315,6.777463,0.016441,0.029357,0.157967,1105,153.939125,0.001054,0.000353,0.002778,0.000495,0.004096,Lay
0.147123,0.147175,0.032764,0.001073,-0.012563,0.34284,0.355403,0.03387,5.770628,0.18364,0.023519,0.150726,1220,141.490208,0.000401,0.0003,0.002652,0.000451,0.003789,Lay
27.503641,27.505,15.879269,252.151172,0.012,54.999,54.987,27.49975,1.800012,0.000015,13.75061,31.757773,18,5616649.285,0.00009,0.03738,0.561777,19.32592,170.618534,Lay
43.502461,43.5,15.300583,234.107843,17.01,70,52.99,26.503,1.800003,-0.000015,13.24945,46.114296,15,11410951.03,0.000093,0.043593,0.864334,40.785645,360.091801,Lay
0.164857,0.16556,0.03625,0.001314,-0.042341,0.40268,0.445021,0.025372,8.274793,-0.003562,0.022797,0.168795,1328,190.923337,0.002462,0.000329,0.002864,0.000565,0.00476,Lay
30.995744,30.995,17.89326,320.168748,0.01,61.979,61.969,31.0005,1.799974,-0.000003,15.494779,35.789002,41,7854188.504,0.000082,0.038561,0.603381,24.208894,213.730839,Lay
55.003653,55.003,17.322961,300.084963,25.004,84.998,59.994,30.003,1.799998,0.000005,15.00089,57.666606,6,20198706.96,0.000082,0.045886,1.021505,65.010608,573.979967,Lay
31.005084,31.004,17.904559,320.573231,0.002,62.009,62.007,31.009,1.799982,0.000014,15.504575,35.80274,18,7865347.02,0.000081,0.038559,0.603395,24.195548,213.6129,Lay
44.997793,44.998,17.31918,299.953984,15.012,74.989,59.977,29.996,1.800014,-0.000003,14.997592,48.215205,17,14120263.94,0.000082,0.042587,0.845146,45.265157,399.642414,Lay
35.000987,35.006,17.324518,300.138925,5.001,65.001,60,30.004,1.800008,0.000001,15.002187,39.053264,9,9054859.727,0.000084,0.040144,0.679486,29.574414,261.104286,Lay
34.937114,34.938,20.169445,406.806522,0.012,69.863,69.851,34.93,1.80001,-0.000003,17.465952,40.340421,7,11248240.31,0.000072,0.038947,0.640713,31.99882,282.509933,Lay
32.230282,32.2325,18.610932,346.366805,0.006,64.456,64.45,32.233,1.799989,0.000035,16.116306,37.216996,6,9039194.082,0.000077,0.037879,0.608265,26.174672,231.087794,Lay
31.512375,31.5115,18.208684,331.55619,0.015,63.065,63.05,31.5355,1.79998,0.000043,15.767935,36.394132,9,8265084.885,0.00008,0.038606,0.608205,25.219581,222.654374,Lay
30.965452,30.965,17.882136,319.770787,0.003,61.93,61.927,30.97,1.800007,0.000014,15.485131,35.757224,9,8016690.54,0.00008,0.037755,0.596173,24.112771,212.882812,Lay
30.773955,30.773,17.788715,316.438364,0.011,61.577,61.566,30.8075,1.800004,0.000023,15.404215,35.544659,5,7701825.175,0.000082,0.038523,0.600936,24.161081,213.308612,Lay
30.542304,30.543,17.63439,310.971725,0.007,61.079,61.072,30.541,1.8,0.000008,15.270564,35.266877,5,7515997.013,0.000083,0.038519,0.598964,24.205016,213.696555,Lay
30.652862,30.653,17.698271,313.228787,0.006,61.299,61.293,30.651,1.799991,-0.000012,15.325934,35.394563,39,7598080.863,0.000082,0.038531,0.600045,24.204031,213.687903,Lay
31.812134,31.816,18.369016,337.420759,0.002,63.62,63.618,31.813,1.8,0.000003,15.9068,36.733911,20,8692707.557,0.000078,0.037835,0.60426,26.168974,231.037488,Lay
30.753922,30.754,17.755871,315.270939,0.005,61.501,61.496,30.75175,1.799987,0.000022,15.375795,35.510883,13,7673323.936,0.000082,0.03854,0.601033,24.203552,213.683597,Lay
31.39628,31.396,18.126746,328.578924,0.006,62.785,62.779,31.39525,1.8,0.000003,15.696971,36.252636,22,8354710.355,0.000079,0.037799,0.600359,25.132445,221.885703,Lay
0.172123,0.174515,0.047396,0.002246,-0.1118,0.42946,0.54126,0.047725,6.935697,-0.207736,0.033398,0.178528,1108,201.178617,0.006099,0.000447,0.003089,0.000632,0.005195,Lay
32.317906,32.318,18.66112,348.237416,0.002,64.632,64.63,32.31875,1.800019,0.000019,16.159717,37.317958,14,8905868.789,0.000078,0.038701,0.616159,26.315432,232.32991,Lay
32.142948,32.143,18.556218,344.333223,0.013,64.274,64.261,32.13725,1.799999,0.000002,16.068893,37.113989,3,8759192.831,0.000079,0.038684,0.614532,26.324435,232.40938,Lay
30.758366,30.758,17.762189,315.495368,0.001,61.516,61.515,30.76275,1.800001,-0.000006,15.381256,35.517908,24,7858019.291,0.00008,0.037734,0.594171,24.105385,212.817567,Lay
32.080035,32.08,18.351683,336.784287,0.302,63.858,63.556,31.784,1.799992,0.000002,15.891752,36.957535,36,8589889.705,0.00008,0.038741,0.615939,26.691919,235.653947,Lay
40.968929,40.969,16.187615,262.038868,12.938,68.999,56.061,28.03475,1.799994,-0.000006,14.017666,44.050492,27,11015911.28,0.000088,0.041997,0.79738,37.835947,334.048082,Lay
32.660773,32.66,18.856489,355.567195,0.007,65.313,65.306,32.651,1.799999,0.000003,16.32897,37.712591,24,9405269.826,0.000076,0.037923,0.612367,27.236761,240.465268,Lay
0.196198,0.19446,0.017019,0.00029,0.12936,0.28359,0.15423,0.02019,4.411682,0.665025,0.012952,0.196935,1732,238.517029,0.000081,0.000205,0.003539,0.00077,0.00676,Lay
33.614707,33.615,19.406808,376.624182,0.007,67.226,67.219,33.614,1.800009,-0.000006,16.805534,38.813881,19,10254863.77,0.000073,0.03801,0.621232,29.417959,259.723579,Lay
33.971799,33.972,17.324221,300.128626,3.971,63.972,60.001,30.00525,1.799955,0.000047,15.002007,38.133466,8,8633355.141,0.000084,0.039797,0.661672,28.175605,248.753906,Lay
31.891679,31.892,18.414525,339.094749,0.009,63.778,63.769,31.893,1.800001,0.000006,15.946219,36.825554,15,8759188.456,0.000077,0.037842,0.605021,26.161452,230.971085,Lay
34.746058,34.746,20.065178,402.611386,0.003,69.492,69.489,34.752,1.800002,0.000007,17.375715,40.122846,14,11330073.31,0.000071,0.038106,0.631523,30.531034,269.551232,Lay
30.816664,30.816,17.795807,316.690756,0.001,61.632,61.631,30.822,1.800001,0.000006,15.410376,35.585204,9,7904286.887,0.00008,0.037728,0.594631,24.096118,212.735752,Lay
33.765382,33.765,19.498243,380.181469,0.001,67.529,67.528,33.76975,1.799991,0.000002,16.884762,38.990087,21,10396831.74,0.000073,0.038022,0.622579,29.408369,259.638927,Lay
37.497373,37.497,18.765927,352.160033,5.002,70.002,65,32.5,1.800127,0.000103,16.250359,41.930405,0,11428032.63,0.000077,0.039876,0.696571,33.669488,297.260997,Lay
0.171465,0.17172,0.038393,0.001474,-0.3131,0.55527,0.86837,0.030388,29.059993,-0.868868,0.023356,0.17571,1368,197.74759,0.001952,0.000367,0.003046,0.000613,0.005151,Lay
30.772882,30.773,17.76929,315.747654,0.001,61.542,61.541,30.79175,1.799973,-0.000003,15.387426,35.534013,10,7688373.699,0.000082,0.038544,0.601218,24.203171,213.680226,Lay
30.602289,30.6015,17.667079,312.12569,0.009,61.195,61.186,30.5985,1.799999,0.000006,15.298914,35.335187,4,7736173.304,0.000081,0.037713,0.592652,24.11303,212.88505,Lay
30.087954,30.087,17.37501,301.89098,0.002,60.174,60.172,30.091,1.80013,0.000107,15.045817,34.743724,18,7356228.225,0.000082,0.037655,0.587554,23.099849,203.939602,Lay
0.144247,0.1455,0.054513,0.002972,-0.39608,0.49906,0.89514,0.03581,15.894879,-0.682472,0.032137,0.154202,1165,151.586261,0.008235,0.000404,0.002614,0.000476,0.00366,Lay
0.17335,0.17318,0.027858,0.000776,0.045227,0.32576,0.280533,0.02994,5.443388,0.359017,0.020256,0.175574,1317,188.902582,0.000082,0.000301,0.003137,0.00061,0.005259,Lay
0.165128,0.16855,0.053562,0.002869,-0.14182,0.45126,0.59308,0.05149,6.315104,-0.577613,0.037685,0.173596,1044,176.263257,0.011028,0.000488,0.003095,0.000602,0.004794,Lay
30.937208,30.937,17.860824,319.009031,0.009,61.865,61.856,30.934,1.800006,0.000006,15.466676,35.722107,15,7994571.909,0.00008,0.037746,0.59589,24.104186,212.806968,Lay
26.980007,26.98,14.436227,208.404649,1.982,51.976,49.994,25.003,1.799978,0.000014,12.500929,30.598747,7,4631793.45,0.000101,0.038673,0.578773,17.78991,157.055989,Lay
33.48711,33.4875,19.335473,373.860522,0.008,66.99,66.982,33.52,1.800001,-0.000002,16.743761,38.667695,30,9907133.156,0.000075,0.038814,0.627207,28.521427,251.807309,Lay
30.671389,30.6725,17.707469,313.554476,0.007,61.334,61.327,30.6695,1.800006,0.000004,15.333843,35.415208,11,7610709.7,0.000082,0.038529,0.600203,24.208397,213.726381,Lay
28.491286,28.4915,16.448048,270.538297,0.009,56.973,56.964,28.4855,1.800005,0,14.243163,32.897472,16,6099525.459,0.000089,0.038293,0.578435,21.206036,187.217845,Lay
31.396161,31.3965,18.129478,328.677971,0.003,62.789,62.786,31.399,1.799989,0.000009,15.699336,36.253882,18,8164704.832,0.00008,0.038606,0.607265,25.252452,222.944534,Lay
31.086048,30.97,15.906225,253.008009,0.001,62.398,62.397,21.066,2.238665,0.018476,13.012388,34.918756,10,10000858.84,0.000061,0.025758,0.515573,23.824505,209.611888,Lay
0.141611,0.141495,0.042745,0.001827,-0.21208,0.47451,0.68659,0.032965,10.500221,0.421274,0.026975,0.147921,1304,138.722533,0.00765,0.000406,0.00254,0.000434,0.00351,Lay
34.97163,34.971,17.321079,300.019782,4.979,64.966,59.987,29.9995,1.800001,0.000002,14.999215,39.025429,5,9040433.765,0.000084,0.040128,0.678963,29.540572,260.805505,Lay
0.125437,0.12576,0.038289,0.001466,-0.063148,0.34475,0.407898,0.03731,6.577418,0.398466,0.026889,0.13115,1270,107.243401,0.00425,0.000374,0.002268,0.000341,0.002754,Lay
30.001526,30.001,17.324102,300.124504,0.003,60.001,59.998,30.00425,1.799988,-0.000001,15.001897,34.643405,44,7125382.792,0.000084,0.038459,0.59358,23.1741,204.594509,Lay
30.625052,30.625,17.680839,312.612071,0.009,61.242,61.233,30.61825,1.800003,0.000008,15.310823,35.361763,5,7576502.516,0.000083,0.038528,0.59979,24.207147,213.715389,Lay
0.14498,0.14305,0.034688,0.001203,-0.11062,0.4731,0.58372,0.02313,15.722839,1.587307,0.020124,0.149071,1577,149.644827,0.001262,0.000356,0.002509,0.000441,0.00369,Lay
42.590094,42.591,24.596713,604.998283,0.01,85.186,85.176,42.601,1.800009,0.000024,21.300089,49.181731,16,20388424.54,0.000059,0.039588,0.707572,46.411247,409.76097,Lay
-0.061174,-0.061562,0.019878,0.000395,-0.14555,0.03571,0.18126,0.025145,3.969431,0.21733,0.015347,0.064323,1414,24.605036,0.003111,0.000178,0.001137,0.000082,0.000657,Lay
30.707878,30.707,17.728334,314.293841,0.008,61.406,61.398,30.70425,1.799964,0.000035,15.351968,35.45724,7,7637586.335,0.000082,0.038538,0.600621,24.210029,213.740758,Lay
32.915294,32.914,17.299496,299.272574,2.958,62.87,59.912,29.962,1.800067,-0.000003,14.980461,37.183849,39,8196281.909,0.000084,0.03945,0.643774,26.843619,236.993386,Lay
0.149398,0.14873,0.060695,0.003684,-0.20606,0.48623,0.69229,0.051707,6.147136,0.312678,0.041246,0.161255,1094,155.680523,0.024136,0.000544,0.002789,0.000514,0.003907,Lay
0.143681,0.14307,0.041533,0.001725,-0.5056,0.81805,1.32365,0.02473,58.128025,-0.522116,0.021159,0.149562,1532,141.863693,0.004178,0.000413,0.002571,0.000434,0.003633,Lay
0.163642,0.162535,0.041526,0.001724,0.009587,0.36834,0.358753,0.03684,4.990537,0.27037,0.028987,0.168828,1219,183.159864,0.000078,0.000328,0.002915,0.000564,0.004682,Lay
41.939768,41.938,17.31969,299.971658,11.949,71.931,59.982,29.995,1.800005,-0.000007,14.997959,45.37472,14,12219365.28,0.000084,0.042486,0.800983,40.118279,354.198778,Lay
31.719531,31.719,18.311903,335.325784,0.01,63.43,63.42,31.71425,1.799974,0.000049,15.857346,36.625142,13,8417291.229,0.00008,0.038644,0.61047,26.32627,232.425652,Lay
30.624577,30.6265,17.683556,312.708152,0.002,61.247,61.245,30.6265,1.800001,0.000009,15.31314,35.36271,5,7578158.895,0.000083,0.038521,0.599696,24.200329,213.655142,Lay
33.493257,33.493,16.455946,270.798146,4.997,61.992,56.995,28.50025,1.799997,-0.000002,14.250015,37.316865,2,7852580.415,0.000089,0.040068,0.666602,27.334199,241.324859,Lay
30.536894,30.537,17.631437,310.867571,0.003,61.07,61.067,30.534,1.799992,0.000015,15.26801,35.260715,21,7512127.414,0.000083,0.038514,0.598859,24.204556,213.692465,Lay
31.829663,31.8295,18.378608,337.773233,0.002,63.655,63.653,31.828,1.800011,0.000012,15.915065,36.753872,8,8507634.865,0.000079,0.038648,0.61144,26.318356,232.35571,Lay
51.170915,51.1705,29.542474,872.757779,0.007,102.33,102.323,51.166,1.799996,0.000006,25.583314,59.08582,12,35344241.73,0.000049,0.040179,0.775798,68.682981,606.403426,Lay
31.58224,31.581,18.122009,328.407196,0.206,62.963,62.757,31.387,1.799983,0.000024,15.692876,36.41143,9,8233169.571,0.000081,0.038665,0.610423,25.493905,225.076462,Lay
32.019592,32.02,18.486863,341.764104,0.005,64.028,64.023,32.018,1.79999,0.000002,16.008837,36.972482,6,8659719.627,0.000079,0.038672,0.613338,26.322285,232.390446,Lay
31.480903,31.482,18.177135,330.40823,0.005,62.96,62.955,31.4795,1.800001,0.000008,15.740599,36.3511,6,8231015.942,0.00008,0.038618,0.608118,25.249684,222.920132,Lay
35.667942,35.6655,20.591212,423.998011,0.01,71.326,71.316,35.663,1.799994,0.000038,17.831297,41.18422,13,11967963.77,0.000071,0.039018,0.647426,33.205789,293.166628,Lay
9.004238,9.004,4.620248,21.346694,1.009,17,15.991,8.0005,1.799994,0.000019,4.000012,10.119766,0,163855.4509,0.000313,0.035099,0.336816,1.824785,16.096258,Walk
8.999219,8.9995,5.197609,27.015142,0.004,17.994,17.99,9,1.79999,-0.000003,4.500016,10.391635,0,194374.9339,0.000278,0.034223,0.322199,2.051125,18.094664,Walk
9.428368,9.429,5.441447,29.609342,0.004,18.844,18.84,9.42,1.800713,-0.000699,4.71088,10.885208,0,223230.913,0.000265,0.034391,0.329987,2.054651,18.125786,Walk
8.850747,8.848,5.111403,26.126442,0.008,17.698,17.69,8.855,1.800151,0.001088,4.425055,10.219951,0,184767.4516,0.000283,0.034205,0.319707,1.766297,15.579916,Walk
9.770294,9.797,4.848847,23.511315,0.002,18.102,18.1,8.31,1.865,-0.039649,4.181961,10.906687,0,197704.5686,0.000301,0.037287,0.357237,1.995853,17.604815,Walk
8.745952,8.75,4.471786,19.996872,1,16.48,15.48,7.7475,1.800971,-0.001961,3.870842,9.822201,0,149247.7916,0.000323,0.035091,0.332637,1.827898,16.123698,Walk
8.895965,8.898,4.561716,20.809257,0.999,16.788,15.789,7.89625,1.800844,-0.001127,3.948903,9.996713,0,157796.202,0.000317,0.035102,0.335033,1.82404,16.089614,Walk
9.113576,9.109,4.690898,22.004527,0.999,17.229,16.23,8.12575,1.798973,0.000376,4.061931,10.249304,0,170493.2913,0.000308,0.035154,0.338724,1.823361,16.083679,Walk
5.489487,5.487,3.170445,10.051723,0.002,10.976,10.974,5.4935,1.800973,0.001291,2.744607,6.338528,13,43672.3329,0.00046,0.032965,0.252299,0.666358,5.867664,Walk
5.586252,5.585,3.228889,10.425722,0.007,11.17,11.163,5.59,1.800044,0.000054,2.795008,6.451551,1,46034.49564,0.000452,0.032998,0.254476,0.66677,5.871599,Walk
5.423755,5.4245,3.1296,9.794394,0.011,10.836,10.825,5.42,1.800007,-0.00002,2.709051,6.26118,1,42024.94282,0.000466,0.032916,0.250849,0.6687,5.888633,Walk
5.666825,5.667,3.275622,10.729702,0.004,11.332,11.328,5.67,1.79999,0.000041,2.835501,6.544696,3,48058.67942,0.000446,0.033046,0.256326,0.666717,5.871109,Walk
6.094064,6.094,3.529171,12.455045,0.015,12.199,12.184,6.10975,1.799656,0.000212,3.055154,7.041474,1,59945.0677,0.000414,0.033269,0.265856,0.846437,7.457882,Walk
7.122754,7.122,4.115517,16.93748,0.003,14.252,14.249,7.1265,1.800534,0.000354,3.562731,8.225523,0,96414.39426,0.000351,0.033501,0.286386,1.254097,11.057561,Walk
7.688379,7.687,4.439804,19.711857,0.007,15.377,15.37,7.685,1.800926,0.000925,3.843398,8.877511,0,121131.2907,0.000325,0.033753,0.297745,1.499731,13.226185,Walk
8.152645,8.148,4.708173,22.166898,0.008,16.299,16.291,8.155,1.799118,0.000589,4.076611,9.413761,0,144360.1935,0.000307,0.033946,0.306769,1.501495,13.241807,Walk
7.981621,7.978,4.60956,21.248047,0.008,15.958,15.95,7.9865,1.799673,0.001065,3.990674,9.216344,0,135480.902,0.000313,0.033877,0.303488,1.501084,13.238215,Walk
7.797422,7.797,4.499085,20.241762,0.004,15.582,15.578,7.791,1.800114,-0.000066,3.895047,9.001586,1,126242.4879,0.000321,0.033777,0.299817,1.500936,13.236923,Walk
14.509232,14.509,3.751344,14.072585,8.019,20.999,12.98,6.495,1.800021,-0.000005,3.247498,14.985979,0,291728.8733,0.000385,0.045526,0.577174,4.342971,38.32992,Walk
9.997182,9.997,4.042883,16.344907,3.002,16.992,13.99,7,1.800026,0.000004,3.499984,10.783176,0,162787.6353,0.000357,0.037691,0.391179,1.972223,17.398016,Walk
8.701203,8.701,4.216086,17.775384,1.406,15.996,14.59,7.3,1.800007,0.000003,3.649977,9.668202,0,136472.2421,0.000342,0.035467,0.338557,1.685285,14.864586,Walk
10.899195,10.905,4.103513,16.838819,3.799,17.999,14.2,7.105,1.8,0.000008,3.552495,11.645575,1,192715.1941,0.000352,0.038819,0.42149,2.60065,22.946558,Walk
9.312264,9.316,3.877135,15.032175,2.596,16.016,13.42,6.715,1.799729,-0.00139,3.356498,10.086586,0,136432.3014,0.000373,0.037215,0.373166,1.830454,16.146188,Walk
10.867178,10.867,3.965006,15.721275,4.007,17.727,13.72,6.865,1.800006,0.000001,3.432531,11.567428,0,183714.8028,0.000364,0.039198,0.426688,2.367109,20.884571,Walk
9.005246,9.005,4.04293,16.345283,2.01,16,13.99,7,1.799984,-0.000011,3.500034,9.870565,0,136399.2811,0.000357,0.036276,0.355244,1.621798,14.304023,Walk
9.478206,9.478,4.317134,18.637643,2.009,16.948,14.939,7.47125,1.799987,0.000002,3.737497,10.414488,0,162150.0411,0.000334,0.036323,0.362503,1.894174,16.708909,Walk
9.813262,9.813,4.856959,23.590048,1.408,18.218,16.81,8.409,1.799985,0.000023,4.205009,10.948796,0,201631.664,0.000297,0.035672,0.35672,2.266651,19.997605,Walk
7.238352,7.2335,4.182264,17.491332,0.008,14.478,14.47,7.249,1.800387,0.002658,3.620098,8.359006,0,101036.323,0.000346,0.033565,0.288837,1.257703,11.089383,Walk
6.619102,6.619,3.82455,14.627186,0.002,13.236,13.234,6.616,1.799975,0.000021,3.31093,7.643873,4,78353.01008,0.000373,0.03288,0.274257,1.006481,8.871659,Walk
7.471315,7.471,4.314867,18.618077,0.005,14.937,14.932,7.4735,1.799969,-0.000005,3.735554,8.627069,4,112607.0272,0.00033,0.033266,0.291606,1.223915,10.791415,Walk
7.880027,7.883,3.698984,13.682479,1.48,14.279,12.799,6.404,1.800037,0.000055,3.202189,8.70441,4,98269.48154,0.000386,0.035051,0.324259,1.420496,12.527058,Walk
8.468028,8.468,4.329191,18.741892,0.977,15.959,14.982,7.496,1.799965,-0.00002,3.747966,9.50984,4,137283.4402,0.000329,0.034537,0.324993,1.510913,13.325378,Walk
7.551821,7.552,4.360542,19.014326,0.017,15.097,15.08,7.55,1.800019,0.000022,3.775094,8.719627,2,116252.7713,0.000327,0.033297,0.29321,1.224321,10.795008,Walk
6.244722,6.245,3.610999,13.039311,0,12.491,12.491,6.25075,1.800004,-0.000013,3.125944,7.212858,0,64355.3232,0.000404,0.033383,0.269307,0.848568,7.476706,Walk
7.215303,7.215,4.168351,17.375149,0.006,14.429,14.423,7.2195,1.799937,-0.000009,3.608629,8.332081,3,99136.86054,0.00035,0.033838,0.289701,1.281563,11.299713,Walk
8.709087,8.71,5.025948,25.260152,0.01,17.407,17.397,8.703,1.799704,0.000222,4.351431,10.054535,5,174083.3009,0.00029,0.034452,0.318693,1.804491,15.916773,Walk
7.647702,7.648,4.413495,19.478935,0.013,15.288,15.275,7.644,1.8,0.000025,3.820936,8.829122,2,117865.532,0.000331,0.034036,0.29846,1.283774,11.319223,Walk
8.754189,8.754,5.058382,25.587231,0,17.508,17.508,8.759,1.799988,0.000008,4.379438,10.109811,3,177126.9587,0.000289,0.034483,0.319481,1.80106,15.886451,Walk
9.089212,9.089,5.24664,27.527236,0.009,18.169,18.16,9.08575,1.799995,0.000004,4.542476,10.494087,0,200098.703,0.000275,0.034275,0.323972,2.052894,18.110281,Walk
11.92417,11.924,5.440122,29.594929,2.509,21.339,18.83,9.42,1.800005,-0.00001,4.71005,13.105916,0,323605.3484,0.000265,0.037026,0.406532,3.066392,27.058697,Walk
12.214222,12.2275,5.90313,34.846944,2.002,22.425,20.423,10.2305,1.797715,-0.000998,5.11299,13.565289,1,375394.824,0.000245,0.036639,0.402482,3.21057,28.331581,Walk
8.992218,8.9935,5.197589,27.014929,0.002,17.987,17.985,9,1.799986,0.000015,4.50001,10.385562,1,194147.8218,0.000278,0.034213,0.321982,2.048628,18.072634,Walk
9.002215,9.002,5.197584,27.014876,0.007,17.997,17.99,9,1.799999,-0.000002,4.499977,10.394217,0,194471.5364,0.000278,0.034226,0.322291,2.052186,18.104033,Walk
7.526206,7.526,4.346018,18.887875,0.006,15.046,15.04,7.525,1.799992,0.000002,3.762505,8.690173,0,113656.2476,0.000332,0.033668,0.294515,1.255148,11.066795,Walk
8.093208,8.093,4.67513,21.856837,0.003,16.183,16.18,8.0955,1.800012,0.000004,4.047525,9.345767,0,141408.8921,0.000309,0.033899,0.305473,1.498114,13.212004,Walk
6.581408,6.58,3.802344,14.457818,0.005,13.177,13.172,6.58,1.801612,0.001486,3.291209,7.600116,0,76014.48131,0.00038,0.033248,0.275134,1.032748,9.10336,Walk
7.803193,7.803,4.507656,20.318967,0.003,15.603,15.6,7.806,1.799976,-0.000011,3.902509,9.010869,0,126746.5948,0.00032,0.033782,0.299896,1.498117,13.212024,Walk
7.277213,7.277,4.201693,17.654222,0.007,14.548,14.541,7.275,1.80001,0.00001,3.637512,8.402376,0,102722.8819,0.000344,0.033562,0.289568,1.255426,11.069259,Walk
7.586859,7.586,4.395712,19.322288,0,15.192,15.192,7.612,1.799722,0.000242,3.805606,8.767548,4,115766.0554,0.000332,0.033964,0.29683,1.275115,11.242788,Walk
7.743812,7.745,4.468982,19.971799,0.011,15.477,15.466,7.7375,1.799995,0.000014,3.868984,8.940099,0,122365.7517,0.000327,0.034094,0.300448,1.283802,11.319463,Walk
8.418178,8.4185,4.384332,19.222364,0.833,16.004,15.171,7.589,1.800033,0.000013,3.795652,9.490801,0,135293.0924,0.000333,0.035104,0.325449,1.52921,13.4863,Walk
6.869658,6.873,3.970019,15.761053,0,13.738,13.738,6.874,1.800012,-0.000026,3.436857,7.933578,0,85600.66573,0.000368,0.033677,0.282569,1.054104,9.291406,Walk
7.280243,7.279,4.206422,17.693989,0.005,14.559,14.554,7.28025,1.800065,-0.000016,3.641587,8.407357,0,101855.1353,0.000347,0.033887,0.291106,1.281356,11.297873,Walk
9.74134,9.743,5.621724,31.603779,0.008,19.468,19.46,9.73,1.800542,-0.001024,4.866902,11.246388,0,246132.4867,0.000257,0.034499,0.335511,2.365187,20.867542,Walk
10.449241,10.449,6.031886,36.383647,0.009,20.889,20.88,10.445,1.8,0.000017,5.222514,12.06453,0,304059.9522,0.000239,0.034721,0.347556,2.692565,23.758098,Walk
10.72349,10.724,5.79055,33.530474,0.694,20.744,20.05,10.025,1.800634,-0.000576,5.013242,12.186345,1,297756.5225,0.000249,0.035293,0.360888,2.636367,23.261892,Walk
10.741198,10.741,6.202194,38.467209,0.006,21.476,21.47,10.7395,1.8,-0.000015,5.37001,12.402525,0,330411.0132,0.000233,0.034793,0.352296,2.691334,23.747233,Walk
14.187215,14.187,5.310217,28.198403,4.998,23.377,18.379,9.19425,1.799994,0.000006,4.597541,15.147942,0,421977.2138,0.000272,0.039735,0.482463,4.321322,38.138795,Walk
7.531354,7.533,4.349386,18.91716,0.01,15.056,15.046,7.531,1.799999,0.000001,3.765403,8.696307,2,112682.371,0.000336,0.033979,0.296087,1.282331,11.306467,Walk
7.387432,7.386,4.267705,18.21331,0.002,14.773,14.771,7.389,1.799972,0.000048,3.694698,8.530826,1,106397.0462,0.000342,0.033917,0.293179,1.281653,11.300486,Walk
7.54294,7.542,4.355212,18.96787,0.01,15.084,15.074,7.541,1.800097,0.000032,3.77041,8.709253,2,113169.8347,0.000335,0.033989,0.296337,1.282729,11.310003,Walk
6.245153,6.2465,3.60802,13.017807,0.003,12.487,12.484,6.248,1.799859,-0.000161,3.123449,7.211741,3,64283.38353,0.000405,0.033366,0.269293,0.849876,7.488224,Walk
7.779366,7.779,4.492342,20.181134,0.006,15.553,15.547,7.78075,1.799974,0.000039,3.889205,8.98257,3,124176.6218,0.000325,0.034105,0.301075,1.531624,13.507532,Walk
13.071158,13.071,4.380643,19.190033,5.491,20.651,15.16,7.585,1.800006,0.000035,3.79249,13.785229,0,288279.3675,0.00033,0.04092,0.486185,3.385008,29.871858,Walk
9.410199,9.41,4.920482,24.211139,0.895,17.925,17.03,8.52,1.799996,0,4.260005,10.618323,0,192123.9126,0.000293,0.035091,0.341908,2.073881,18.29559,Walk
9.24686,9.248,4.477963,20.052149,1.492,16.994,15.502,7.751,1.80091,-0.00113,3.876375,10.273443,0,163592.6303,0.000323,0.035688,0.349259,1.99978,17.641262,Walk
5.544222,5.544,3.200007,10.240043,0.009,11.079,11.07,5.54,1.800022,-0.000005,2.770027,6.400719,0,45393.87197,0.000451,0.032668,0.252287,0.654156,5.760544,Walk
8.303168,8.3055,3.765772,14.181038,1.788,14.818,13.03,6.52,1.799969,-0.000009,3.260001,9.11662,2,108379.0404,0.000383,0.035917,0.33958,1.548688,13.658521,Walk
7.206095,7.204,4.160979,17.313743,0.009,14.409,14.4,7.2,1.800726,0.001369,3.601847,8.320428,0,99690.51807,0.000347,0.033531,0.288117,1.256648,11.080089,Walk
8.326208,8.324,4.810645,23.142305,0.006,16.656,16.65,8.33,1.80004,0.001478,4.164953,9.615307,0,153843.682,0.0003,0.034008,0.309944,1.767041,15.58619,Walk
7.675234,7.675,4.435509,19.673744,0,15.35,15.35,7.68,1.799995,0.000006,3.840013,8.863981,0,120683.7631,0.000326,0.033707,0.297266,1.497212,13.204042,Walk
8.6072,8.607,4.972459,24.725345,0.002,17.212,17.21,8.61,1.799982,0.000008,4.305038,9.939562,2,170124.7914,0.00029,0.034078,0.31501,1.763274,15.55316,Walk
7.842209,7.842,4.360478,19.013766,0.297,15.387,15.09,7.55,1.8,-0.000012,3.775025,8.972258,0,121557.145,0.000331,0.034045,0.304763,1.338155,11.799691,Walk
8.048071,8.054,4.644503,21.571405,0.01,16.08,16.07,8.04,1.799579,-0.001511,4.02143,9.291363,0,138645.0482,0.000311,0.033911,0.304851,1.505273,13.275132,Walk
11.940831,11.939,6.893508,47.520455,0.004,23.894,23.89,11.93,1.80182,0.000871,5.967713,13.787095,2,453540.3916,0.00021,0.035174,0.371734,3.421943,30.197891,Walk
8.010283,8,4.63418,21.475629,0.005,16.025,16.02,8.019,1.798991,0.000663,4.012932,9.253477,1,137002.9312,0.000313,0.033914,0.304086,1.503636,13.260468,Walk
8.555672,8.556,4.9431,24.434236,0.002,17.112,17.11,8.55,1.801098,-0.000048,4.278831,9.880257,0,166929.2922,0.000292,0.034094,0.314214,1.766701,15.583486,Walk
9.177132,9.176,5.303665,28.12886,0.001,18.351,18.35,9.19,1.79896,-0.000276,4.592147,10.598739,0,206019.2233,0.000273,0.03432,0.325565,2.055373,18.132029,Walk
7.23544,7.235,4.178547,17.460258,0.006,14.465,14.459,7.2365,1.79998,0.000015,3.617483,8.354627,0,101000.2913,0.000346,0.033541,0.288702,1.25493,11.064869,Walk
7.727838,7.728,4.464383,19.930715,0.004,15.453,15.449,7.731,1.79999,-0.000015,3.865015,8.923973,0,123119.2619,0.000323,0.033731,0.29833,1.498009,13.211071,Walk
7.640089,7.641,4.410697,19.454251,0.001,15.271,15.27,7.63575,1.800851,-0.000801,3.818241,8.821138,0,118819.6449,0.000327,0.033734,0.296821,1.256418,11.078003,Walk
7.001845,7.002,4.042884,16.344909,0.007,13.998,13.991,7,1.799991,-0.000009,3.499994,8.084496,0,91502.69472,0.000357,0.033418,0.283875,1.033099,9.106288,Walk
8.141859,8.141,4.703959,22.127226,0.002,16.282,16.28,8.14575,1.800013,0.000017,4.07249,9.402314,0,144009.3301,0.000307,0.033917,0.30638,1.497704,13.208364,Walk
7.262845,7.263,4.195939,17.605906,0.003,14.523,14.52,7.265,1.800015,-0.00002,3.632528,8.387056,0,102207.9555,0.000344,0.033552,0.289217,1.254212,11.058544,Walk
8.1917,8.191,4.728609,22.359739,0.009,16.374,16.365,8.186,1.800001,0.000022,4.093859,9.457811,7,148308.4254,0.000302,0.033545,0.305445,1.463101,12.903237,Walk
8.623923,8.624,4.979505,24.795471,0.005,17.241,17.236,8.623,1.800014,-0.000057,4.311086,9.957576,7,173121.701,0.000286,0.033706,0.313444,1.721464,15.184383,Walk
9.493983,9.493,4.577523,20.953717,1.572,17.415,15.843,7.932,1.79999,-0.000058,3.963026,10.539278,3,178277.5872,0.000312,0.035408,0.352404,1.982772,17.491537,Walk
8.560665,8.56,4.945259,24.455589,0.002,17.118,17.116,8.563,1.800011,0.000003,4.281492,9.88567,3,169457.6988,0.000288,0.03368,0.312229,1.720143,15.172736,Walk
8.966998,8.966,5.176086,26.791867,0.009,17.924,17.915,8.96325,1.799977,-0.000004,4.481377,10.352978,2,194539.241,0.000275,0.033847,0.319791,2.002466,17.66542,Walk
8.63803,8.638,4.989762,24.897726,0.003,17.273,17.27,8.6405,1.799978,-0.000008,4.319999,9.974913,0,171934.0678,0.000289,0.03409,0.31559,1.763549,15.555583,Walk
9.12005,9.12,4.695324,22.046067,0.995,17.245,16.25,8.13,1.79999,-0.000001,4.065022,10.257086,1,171067.9101,0.000308,0.035113,0.338559,1.819902,16.053142,Walk
8.448699,8.449,4.361006,19.018371,0.893,15.994,15.101,7.55,1.80046,-0.00038,3.775357,9.50717,1,136483.2914,0.000331,0.03486,0.325444,1.522048,13.423294,Walk
10.788989,10.788,4.5048,20.293226,2.994,18.587,15.593,7.799,1.800042,0.000031,3.900031,11.691129,0,213224.706,0.000321,0.037592,0.401022,2.587051,22.826497,Walk
8.683228,8.688,5.014288,25.143083,0.008,17.358,17.35,8.685,1.798977,-0.000089,4.34232,10.026317,0,174414.4042,0.000288,0.034147,0.316685,1.767606,15.591369,Walk
7.079828,7.086,4.087064,16.70409,0.006,14.146,14.14,7.075,1.79965,-0.001565,3.538786,8.17412,0,94411.33811,0.000354,0.03352,0.285821,1.259959,11.109247,Walk
6.934298,6.932,4.008331,16.066715,0.002,13.872,13.87,6.935,1.800509,0.001445,3.469692,8.008722,0,88961.66233,0.00036,0.033422,0.282579,1.032415,9.100233,Walk
7.162106,7.162,4.135278,17.100523,0.007,14.317,14.31,7.1585,1.800008,0.000004,3.580003,8.269483,0,97926.38257,0.000349,0.033491,0.287145,1.255394,11.06898,Walk
7.825105,7.825,4.060216,16.485356,0.8,14.85,14.05,7.03,1.799997,0.000002,3.514996,8.815095,0,109254.485,0.000356,0.034558,0.312445,1.247141,10.99611,Walk
6.999811,6.999,4.04445,16.357575,0.009,13.999,13.99,7.005,1.798652,0.001383,3.502502,8.083515,0,91284.47891,0.000358,0.033502,0.284221,1.036925,9.140157,Walk
9.603189,9.603,4.395094,19.316848,1.998,17.208,15.21,7.61,1.799988,-0.000001,3.805021,10.560559,1,169741.6577,0.000329,0.0363,0.364072,1.89058,16.677178,Walk
8.920148,8.915,4.639021,21.520515,0.895,16.945,16.05,8.035,1.798894,0.000014,4.017449,10.053664,2,162227.224,0.000312,0.035004,0.333759,1.788021,15.771692,Walk
7.580292,7.577,4.378578,19.171949,0.007,15.157,15.15,7.585,1.799728,0.001117,3.790602,8.753292,0,116079.4773,0.00033,0.033712,0.295673,1.256508,11.078858,Walk
7.492136,7.497,4.323701,18.69439,0.007,14.967,14.96,7.4985,1.800384,-0.002604,3.742583,8.649508,0,111846.921,0.000334,0.033702,0.294127,1.260591,11.114784,Walk
7.447623,7.452,4.301237,18.500638,0.007,14.887,14.88,7.45,1.798836,-0.000277,3.724607,8.599726,0,110045.4751,0.000336,0.033639,0.292992,1.257494,11.087541,Walk
8.776522,8.7765,4.505977,20.303833,0.982,16.573,15.591,7.802,1.799971,-0.000012,3.901072,9.865004,3,153762.9336,0.000316,0.034616,0.330372,1.773935,15.647671,Walk
7.309004,7.309,4.001289,16.010315,0.389,14.232,13.843,6.928,1.799949,0.000073,3.464022,8.331893,2,97396.87206,0.000356,0.033569,0.294093,1.105625,9.747006,Walk
8.227739,8.231,4.300761,18.496547,0.785,15.669,14.884,7.447,1.800018,-0.000003,3.723317,9.283317,1,129959.3885,0.000332,0.034272,0.31759,1.451581,12.801539,Walk
7.345419,7.354,4.018536,16.148629,0.392,14.303,13.911,6.95875,1.800037,-0.000011,3.478917,8.372118,4,98760.12787,0.000355,0.033594,0.29491,1.333886,11.762369,Walk
7.341783,7.341,4.018596,16.149114,0.388,14.294,13.906,6.95875,1.799995,-0.00001,3.478959,8.368956,0,98685.55331,0.000355,0.033587,0.294782,1.332842,11.753136,Walk
8.992033,8.992,4.040002,16.321616,2.002,15.982,13.98,6.995,1.799996,0.00002,3.4975,9.857312,0,135936.0804,0.000357,0.036286,0.354997,1.619042,14.279716,Walk
7.643807,7.647,4.413309,19.477294,0.007,15.28,15.273,7.645,1.799613,-0.001035,3.820738,8.825663,0,118941.5745,0.000327,0.033743,0.296971,1.257802,11.090173,Walk
5.998675,6.007,3.468105,12.027753,0.002,11.992,11.99,6.01,1.797442,-0.001413,3.00331,6.928334,3,57506.17878,0.000417,0.032968,0.26271,0.835064,7.357677,Walk
7.613375,7.617,4.397228,19.335612,0.003,15.217,15.214,7.616,1.801174,-0.002323,3.806162,8.791268,1,117552.5917,0.000329,0.033741,0.296379,1.257903,11.091068,Walk
8.11301,8.111,4.352369,18.943119,0.591,15.641,15.05,7.545,1.797711,0.001787,3.769487,9.206055,0,127381.4245,0.000333,0.034509,0.314731,1.430152,12.61188,Walk
6.0044,6.005,3.463776,11.997746,0.005,11.995,11.99,5.995,1.801042,-0.000969,2.998198,6.93113,0,57600.63493,0.000417,0.03297,0.26288,0.834432,7.352174,Walk
7.219087,7.219,4.167044,17.364253,0.009,14.429,14.42,7.215,1.800004,0.000002,3.607511,8.334712,0,100241.503,0.000347,0.033538,0.288425,1.25595,11.073891,Walk
7.915771,7.919,4.257482,18.126157,0.549,15.279,14.73,7.375,1.799509,-0.001039,3.685841,8.987395,0,118979.0328,0.000339,0.034362,0.310255,1.415292,12.480683,Walk
7.798111,7.798,4.337344,18.81255,0.293,15.303,15.01,7.51,1.799996,0.000005,3.755001,8.922475,0,119575.0504,0.000333,0.034024,0.303859,1.336956,11.789104,Walk
7.90961,7.912,4.346664,18.893485,0.392,15.432,15.04,7.52575,1.799923,0.000618,3.763082,9.024569,0,122408.5982,0.000333,0.03422,0.307738,1.36859,12.068232,Walk
7.039265,7.0405,4.063351,16.51082,0.008,14.069,14.061,7.0325,1.80001,0.000009,3.517676,8.127128,0,91941.89481,0.000359,0.033763,0.286191,1.056114,9.309155,Walk
6.26409,6.2635,3.61985,13.103315,0.001,12.525,12.524,6.2685,1.800019,0.000004,3.133597,7.234057,2,64891.15337,0.000403,0.033377,0.269687,0.849541,7.485298,Walk
6.254206,6.2535,3.613993,13.060943,0.001,12.506,12.505,6.259,1.800027,-0.000011,3.128547,7.222568,3,64580.87151,0.000404,0.033372,0.269475,0.849583,7.485691,Walk
6.128582,6.129,3.541041,12.538971,0.006,12.252,12.246,6.132,1.799982,-0.000019,3.065391,7.077298,2,60756.92719,0.000412,0.033327,0.266841,0.849764,7.487272,Walk
5.638827,5.641,3.255056,10.59539,0.007,11.269,11.262,5.63475,1.800046,-0.000008,2.817707,6.510166,0,47256.21569,0.000448,0.033067,0.255915,0.668236,5.884529,Walk
12.58512,12.585,5.249562,27.557897,3.5,21.67,18.17,9.09,1.8,-0.000004,4.545003,13.635541,0,338017.0702,0.000275,0.038097,0.433518,3.536767,31.21175,Walk
8.357108,8.3575,4.82809,23.310452,0.002,16.712,16.71,8.36,1.800002,0.000006,4.179995,9.650791,0,155726.3331,0.000299,0.033983,0.310353,1.763235,15.55282,Walk
10.324595,10.329,5.383755,28.984819,1.009,19.64,18.631,9.32575,1.799092,-0.000271,4.662022,11.643304,1,252560.4423,0.000268,0.035448,0.358884,2.431427,21.452395,Walk
9.809523,9.806,5.213042,27.175806,0.791,18.831,18.04,9.03,1.799565,0.000828,4.513407,11.107992,1,222591.0293,0.000277,0.03512,0.347135,2.34518,20.691005,Walk
10.816528,10.819,5.215346,27.199834,1.789,19.839,18.05,9.035,1.800127,-0.001063,4.515078,12.007583,0,260248.5863,0.000277,0.036247,0.378765,2.752882,24.290584,Walk
6.816778,6.8175,3.934877,15.483256,0.008,13.624,13.616,6.812,1.800048,-0.000006,3.406428,7.870212,1,83495.43657,0.000371,0.033659,0.28158,1.056077,9.308822,Walk
8.422013,8.422,4.862688,23.645739,0.005,16.838,16.833,8.42,1.799988,0.00001,4.209951,9.724291,1,157540.0292,0.0003,0.034345,0.313295,1.803183,15.905186,Walk
8.02094,8.02,4.632302,21.458217,0.004,16.037,16.033,8.01875,1.799961,-0.000006,4.01043,9.261758,2,136133.1243,0.000315,0.034203,0.305744,1.531301,13.504662,Walk
7.993532,7.9925,4.617627,21.322476,0.003,15.985,15.982,7.993,1.799995,0.000009,3.997725,9.230685,1,134795.1722,0.000316,0.034171,0.30509,1.53063,13.498746,Walk
7.908236,7.908,4.106991,16.867373,0.802,15.015,14.213,7.1085,1.799995,-0.000002,3.555481,8.91042,0,111709.5824,0.000355,0.034945,0.315796,1.272374,11.21855,Walk
8.514725,8.518,4.338275,18.820631,1.008,16.018,15.01,7.515,1.799546,-0.001028,3.755797,9.555555,0,137054.2564,0.000333,0.03502,0.3286,1.557726,13.738256,Walk
10.284017,10.284,4.33446,18.787545,2.784,17.784,15,7.50525,1.800047,-0.000029,3.752482,11.159571,0,186928.5759,0.000333,0.037359,0.390043,2.184564,19.272843,Walk
10.727055,10.727,4.35469,18.963329,3.191,18.262,15.071,7.541,1.800011,0.000012,3.770006,11.576721,0,202102.8586,0.000332,0.037876,0.404651,2.346898,20.706106,Walk
5.894982,5.895,3.404912,11.593427,0.005,11.785,11.78,5.895,1.799999,0.000067,2.947514,6.806938,0,54628.26757,0.000424,0.032884,0.260288,0.832114,7.331751,Walk
6.458531,6.456,3.731462,13.923811,0.006,12.915,12.909,6.454,1.800262,0.001505,3.229983,7.45826,0,71812.70511,0.000387,0.033198,0.272676,1.033832,9.112673,Walk
8.390844,8.39,4.848843,23.511281,0.001,16.779,16.778,8.3935,1.800478,0.000542,4.197755,9.690392,7,159636.3007,0.000294,0.033614,0.309066,1.719383,15.166342,Walk
9.501672,9.501,5.486525,30.101962,0.006,18.997,18.991,9.5025,1.800001,-0.000022,4.750259,10.971239,5,231588.182,0.00026,0.034011,0.329131,2.302451,20.314038,Walk
10.2896,10.293,5.939956,35.283075,0.018,20.57,20.552,10.28225,1.799982,0.000015,5.142919,11.88032,3,293998.7788,0.00024,0.034277,0.342737,2.626023,23.170945,Walk
9.343329,9.343,5.395373,29.110047,0.006,18.68,18.674,9.343,1.799981,-0.000008,4.671316,10.788534,3,220214.5402,0.000264,0.033957,0.32635,2.001065,17.65304,Walk
9.075356,9.075,5.241387,27.47214,0.004,18.146,18.142,9.076,1.800007,0.000023,4.537936,10.479469,2,201847.8301,0.000272,0.033865,0.321577,2.000573,17.64872,Walk
3.512256,3.5125,2.026612,4.107155,0.009,7.015,7.006,3.508,1.800132,0.000049,1.753865,4.05428,0,11407.40475,0.00072,0.031495,0.201159,0.25285,2.217117,Walk
3.305353,3.306,1.909771,3.647225,0.007,6.609,6.602,3.306,1.799847,0.000001,1.652668,3.816675,2,9526.823583,0.000765,0.031286,0.194929,0.252244,2.21177,Walk
3.877269,3.876,2.236527,5.002052,0.01,7.742,7.732,3.87,1.799962,0.000042,1.935621,4.475348,0,15342.01203,0.000653,0.031818,0.21156,0.252985,2.218329,Walk
3.752752,3.7525,2.166652,4.694382,0.006,7.497,7.491,3.749,1.800106,0.000031,1.875094,4.332575,0,13928.23243,0.000674,0.031708,0.208014,0.252575,2.214698,Walk
3.010434,3.011,1.7376,3.019253,0.009,6.011,6.002,3.00775,1.799935,0.00009,1.503495,3.475182,0,7185.749046,0.00084,0.031022,0.186072,0.158444,1.383736,Walk
4.578117,4.577,2.362069,5.57937,0.494,8.661,8.167,4.08825,1.799993,0.000012,2.044367,5.150887,0,21464.0909,0.000618,0.033225,0.240144,0.448655,3.945841,Walk
3.990602,3.989,2.315242,5.360346,0.006,7.994,7.988,4.0095,1.799628,0.000296,2.003836,4.612861,3,16873.83999,0.000631,0.031885,0.214371,0.365841,3.214678,Walk
4.190846,4.191,2.423273,5.872252,0.003,8.38,8.377,4.195,1.800123,-0.000059,2.097347,4.840286,1,19445.54321,0.000602,0.032057,0.219903,0.367886,3.232753,Walk
4.397157,4.396,2.262915,5.120786,0.486,8.309,7.823,3.91525,1.799991,-0.000004,1.958465,4.94461,2,18948.1083,0.000645,0.033113,0.235519,0.447091,3.931998,Walk
5.072249,5.073,2.928277,8.574806,0.007,10.137,10.13,5.06875,1.800146,0.000039,2.534688,5.856105,2,34396.85126,0.000499,0.032723,0.242547,0.507461,4.465062,Walk
3.402529,3.402,1.965258,3.862239,0.006,6.798,6.792,3.40125,1.800056,0.000062,1.700675,3.928575,3,10386.8825,0.000743,0.031421,0.198002,0.252384,2.213014,Walk
6.389024,6.3895,2.656827,7.058732,1.794,10.985,9.191,4.595,1.800048,0.000012,2.299598,6.918859,1,43562.25081,0.000549,0.036297,0.310067,0.892195,7.861907,Walk
3.747088,3.747,2.163651,4.681387,0.007,7.487,7.48,3.745,1.800103,0.00002,1.872501,4.326169,1,13868.3598,0.000675,0.031737,0.207979,0.252504,2.214062,Walk
3.819934,3.8185,2.207358,4.87243,0.004,7.635,7.631,3.819,1.799986,0.000075,1.910376,4.411109,1,14710.15722,0.000661,0.031757,0.209829,0.252112,2.210612,Walk
4.289165,4.2885,2.476124,6.13119,0.007,8.571,8.564,4.288,1.80009,-0.00005,2.143094,4.951858,2,20793.72089,0.00059,0.032149,0.222654,0.369038,3.242889,Walk
4.806525,4.806,2.773699,7.693404,0.011,9.602,9.591,4.797,1.799998,-0.000029,2.400828,5.548693,1,29248.5914,0.000526,0.03252,0.235939,0.507874,4.46868,Walk
4.989225,4.988,2.309586,5.334187,0.995,8.981,7.986,3.99325,1.800027,0.000057,1.998847,5.497255,1,23903.86932,0.000632,0.034447,0.261864,0.540764,4.759057,Walk
4.80471,4.804,2.198879,4.83507,1.003,8.606,7.603,3.8035,1.800083,-0.000114,1.90298,5.28336,0,21019.16051,0.000664,0.034436,0.258126,0.400314,3.519008,Walk
3.784836,3.784,2.187167,4.783698,0.004,7.564,7.56,3.78625,1.800063,0.000049,1.892829,4.370617,1,14307.61775,0.000668,0.031765,0.208991,0.25215,2.210947,Walk
4.546731,4.5475,2.62782,6.905436,0.002,9.09,9.088,4.5495,1.799961,-0.000051,2.274476,5.250764,1,24813.47479,0.000556,0.032331,0.229251,0.506611,4.457523,Walk
4.196798,4.197,2.198789,4.834674,0.396,7.997,7.601,3.807,1.800067,0.000036,1.902903,4.737232,2,16898.3498,0.000664,0.032821,0.228438,0.305484,2.6818,Walk
3.953264,3.953,2.28629,5.227123,0.002,7.905,7.903,3.95725,1.799839,0.00018,1.978747,4.566043,0,16324.56819,0.000639,0.031894,0.213602,0.367886,3.232732,Walk
5.501504,5.5005,2.598692,6.753202,1.007,9.994,8.987,4.498,1.800163,0.000012,2.249215,6.083762,1,32940.82786,0.000562,0.034549,0.27276,0.543069,4.779402,Walk
3.503306,3.5025,2.020827,4.083743,0.01,6.996,6.986,3.496,1.799987,-0.000011,1.748821,4.043637,0,11314.88995,0.000723,0.031489,0.200923,0.253001,2.218465,Walk
4.878199,4.879,2.645293,6.997575,0.305,9.452,9.147,4.582,1.800024,-0.000099,2.289618,5.548574,6,27892.7264,0.000552,0.033014,0.243217,0.562497,4.950974,Walk
5.052935,5.052,2.63075,6.920845,0.503,9.601,9.098,4.555,1.8,0.000069,2.277031,5.696079,1,29233.22539,0.000555,0.033476,0.251588,0.601615,5.296323,Walk
4.289749,4.29,2.476079,6.130966,0.008,8.57,8.562,4.285,1.800043,0.000048,2.143058,4.952341,1,20797.77724,0.00059,0.032149,0.22268,0.369115,3.243591,Walk
4.466317,4.465,2.292203,5.254194,0.503,8.43,7.927,3.969,1.799901,0.000076,1.983828,5.019511,2,19778.45973,0.000637,0.033189,0.237648,0.450317,3.960498,Walk
4.896469,4.8965,2.248502,5.055762,1.008,8.783,7.775,3.893,1.800025,-0.000076,1.945981,5.387449,3,22348.94426,0.000649,0.034427,0.260083,0.54337,4.782068,Walk
5.998073,5.997,3.465247,12.007939,0.003,11.993,11.99,5.9995,1.80002,0.000042,2.999718,6.926378,0,56945.97585,0.000421,0.033261,0.263965,0.849969,7.489073,Walk
5.824211,5.826,3.363098,11.310428,0.006,11.64,11.634,5.8215,1.799967,0.000007,2.911277,6.724734,1,52095.79353,0.000434,0.033145,0.260001,0.850685,7.495383,Walk
6.128304,6.128,3.541097,12.539371,0,12.255,12.255,6.12925,1.800007,0,3.065412,7.077086,1,60753.28181,0.000412,0.033331,0.26683,0.849699,7.486696,Walk
6.21305,6.211,3.587758,12.872006,0.004,12.418,12.414,6.21225,1.799985,-0.000005,3.105828,7.173808,1,63248.66419,0.000407,0.033378,0.268751,0.850592,7.494588,Walk
5.399771,5.3995,3.117971,9.721744,0.009,10.793,10.784,5.399,1.799985,0.000007,2.698978,6.234594,2,41513.33438,0.000468,0.032897,0.250224,0.667931,5.881823,Walk
5.522138,5.521,3.190896,10.181818,0.002,11.04,11.038,5.52325,1.800036,0.000041,2.762129,6.37703,1,44448.49803,0.000457,0.032991,0.25313,0.667095,5.874468,Walk
5.734622,5.734,3.313451,10.97896,0.006,11.464,11.458,5.736,1.799992,0.000016,2.868279,6.622324,0,49775.6253,0.000441,0.033111,0.258021,0.667149,5.874928,Walk
6.195863,6.196,3.576112,12.788575,0.013,12.383,12.37,6.1925,1.799975,0.000024,3.095755,7.153101,1,62679.39391,0.000408,0.033371,0.268423,0.851288,7.500756,Walk
5.367416,5.368,3.097554,9.594838,0.009,10.726,10.717,5.361,1.800059,-0.000003,2.681275,6.196366,1,40737.03765,0.000471,0.03291,0.24963,0.668548,5.887285,Walk
6.395531,6.398,3.114957,9.702959,1.009,11.784,10.775,5.39225,1.79997,-0.000054,2.696388,7.113135,0,53986.66555,0.000469,0.034794,0.290898,0.893459,7.873062,Walk
5.002947,5.0015,2.890398,8.3544,0.002,10.001,9.999,5.001,1.800057,0.00005,2.501887,5.777148,2,33041.68971,0.000505,0.032647,0.24068,0.506833,4.459477,Walk
4.825713,4.824,2.788383,7.77508,0.002,9.647,9.645,4.82775,1.800059,-0.000105,2.413539,5.572652,0,29656.99515,0.000524,0.032558,0.236432,0.506782,4.45904,Walk
6.300135,6.299,3.068416,9.415177,0.992,11.606,10.614,5.31075,1.800014,0.000046,2.656131,7.006991,2,51601.9155,0.000476,0.034747,0.288707,0.889904,7.841672,Walk
5.87417,5.873,3.106375,9.649567,0.502,11.248,10.746,5.3785,1.800021,0.000023,2.688899,6.644274,1,46971.74039,0.00047,0.033815,0.26977,0.774423,6.822076,Walk
5.139679,5.1395,2.966229,8.798515,0.009,10.27,10.261,5.1365,1.799984,-0.000032,2.567577,5.933478,1,35769.45545,0.000492,0.032741,0.244086,0.507801,4.468022,Walk
